{
    "0": {
        "precision": 0.6428571428571429,
        "recall": 0.7128712871287128,
        "f1-score": 0.676056338028169,
        "support": 101.0
    },
    "1": {
        "precision": 0.7563025210084033,
        "recall": 0.6923076923076923,
        "f1-score": 0.7228915662650602,
        "support": 130.0
    },
    "accuracy": 0.7012987012987013,
    "macro avg": {
        "precision": 0.6995798319327731,
        "recall": 0.7025894897182026,
        "f1-score": 0.6994739521466147,
        "support": 231.0
    },
    "weighted avg": {
        "precision": 0.7067008621630471,
        "recall": 0.7012987012987013,
        "f1-score": 0.702413825780532,
        "support": 231.0
    }
}