{
    "0": {
        "precision": 0.6204379562043796,
        "recall": 0.8415841584158416,
        "f1-score": 0.7142857142857143,
        "support": 101.0
    },
    "1": {
        "precision": 0.8297872340425532,
        "recall": 0.6,
        "f1-score": 0.6964285714285714,
        "support": 130.0
    },
    "accuracy": 0.7056277056277056,
    "macro avg": {
        "precision": 0.7251125951234664,
        "recall": 0.7207920792079208,
        "f1-score": 0.7053571428571428,
        "support": 231.0
    },
    "weighted avg": {
        "precision": 0.7382535671089795,
        "recall": 0.7056277056277056,
        "f1-score": 0.7042362399505256,
        "support": 231.0
    }
}