{
    "0": {
        "precision": 0.5897435897435898,
        "recall": 0.6831683168316832,
        "f1-score": 0.6330275229357798,
        "support": 101.0
    },
    "1": {
        "precision": 0.7192982456140351,
        "recall": 0.6307692307692307,
        "f1-score": 0.6721311475409836,
        "support": 130.0
    },
    "accuracy": 0.6536796536796536,
    "macro avg": {
        "precision": 0.6545209176788125,
        "recall": 0.656968773800457,
        "f1-score": 0.6525793352383817,
        "support": 231.0
    },
    "weighted avg": {
        "precision": 0.6626531363373468,
        "recall": 0.6536796536796536,
        "f1-score": 0.6550338917612192,
        "support": 231.0
    }
}